<?xml version="1.0" encoding="UTF-8"?>
<project-private xmlns="http://www.netbeans.org/ns/project-private/1">
    <editor-bookmarks xmlns="http://www.netbeans.org/ns/editor-bookmarks/2" lastBookmarkId="0"/>
    <open-files xmlns="http://www.netbeans.org/ns/projectui-open-files/2">
        <group>
            <file>file:/F:/Uni%20All%20Lecture$/5th%20semester/Advance%20Compute%20Programming/Final%20Project/HostelManagment/src/hostelmanagment/icons/195.png</file>
            <file>file:/F:/Uni%20All%20Lecture$/5th%20semester/Advance%20Compute%20Programming/Final%20Project/HostelManagment/src/hostelmanagment/Student.java</file>
            <file>file:/F:/Uni%20All%20Lecture$/5th%20semester/Advance%20Compute%20Programming/Final%20Project/HostelManagment/src/hostelmanagment/admin.java</file>
            <file>file:/F:/Uni%20All%20Lecture$/5th%20semester/Advance%20Compute%20Programming/Final%20Project/HostelManagment/src/hostelmanagment/Mess.java</file>
            <file>file:/F:/Uni%20All%20Lecture$/5th%20semester/Advance%20Compute%20Programming/Final%20Project/HostelManagment/src/hostelmanagment/Employee.java</file>
            <file>file:/F:/Uni%20All%20Lecture$/5th%20semester/Advance%20Compute%20Programming/Final%20Project/HostelManagment/src/modules/ConnectionProvider.java</file>
        </group>
    </open-files>
</project-private>
